2025-05-20T09:11:51.356890,pending_trades_2,1.12353,12768,SELL,1.12352
2025-05-20T09:23:08.388815,pending_trades_2,1.12464,12821,BUY,1.12468
2025-05-20T09:34:05.745871,pending_trades_2,1.12444,12859,BUY,1.12448
2025-05-20T09:40:20.123205,pending_trades_2,1.12444,12877,BUY,1.12449
2025-05-20T10:26:40.107452,pending_trades_2,1.12464,12957,BUY,1.12464
2025-05-20T10:33:46.923903,pending_trades_2,1.12444,12972,BUY,1.12447
2025-05-20T10:47:39.863444,pending_trades_2,1.12424,12991,BUY,1.12424
2025-05-20T10:57:33.681161,pending_trades_2,1.12313,12765,SELL,1.12313
2025-05-20T10:57:38.818607,pending_trades_2,1.12293,12732,SELL,1.12284
2025-05-20T10:57:40.700035,pending_trades_2,1.12273,12731,SELL,1.12262
2025-05-20T11:42:25.460038,pending_trades_2,1.12464,13148,BUY,1.12465
2025-05-20T12:30:34.177769,pending_trades_2,1.12433,13205,SELL,1.12428
2025-05-20T13:19:13.201908,pending_trades_2,1.12524,13307,BUY,1.12525
2025-05-24T04:57:17.952792,pending_trades_2,1.13609,13669,SELL,1.13583
2025-05-24T04:57:17.952792,pending_trades_2,1.13589,13665,SELL,1.13583
2025-05-24T04:58:43.852415,pending_trades_2,1.13678,13707,BUY,1.13679
2025-05-24T04:58:59.580025,pending_trades_2,1.13678,13712,BUY,1.13679
2025-09-23T05:04:56.202716,pending_trades_2,1.17999,13760,SELL,1.17959
2025-09-23T05:04:56.204889,pending_trades_2,1.17979,13759,SELL,1.17959
2025-09-23T05:04:56.204889,pending_trades_2,1.17959,13758,SELL,1.17959
2025-09-23T05:04:59.342443,pending_trades_2,1.17939,13757,SELL,1.17929
2025-09-23T05:04:59.342443,pending_trades_2,1.17929,13783,SELL,1.17929
2025-09-23T05:07:14.408214,pending_trades_2,1.17935,13790,SELL,1.17926
2025-09-23T05:22:16.838928,pending_trades_2,1.17915,13789,SELL,1.17915
2025-09-23T20:13:02.441294,pending_trades_2,1.17914,13883,SELL,1.17912
2025-09-23T20:19:41.920134,pending_trades_2,1.17894,13882,SELL,1.17891
2025-09-23T20:19:54.519214,pending_trades_2,1.17884,13889,SELL,1.17881
2025-09-23T20:22:54.298186,pending_trades_2,1.17874,13881,SELL,1.1787
2025-09-23T20:23:40.972376,pending_trades_2,1.17864,13895,SELL,1.17864
2025-09-23T20:24:01.743507,pending_trades_2,1.17854,13899,SELL,1.17854
2025-09-23T20:24:12.910127,pending_trades_2,1.17844,13905,SELL,1.17844
2025-09-23T20:48:34.782668,pending_trades_2,1.17963,13884,BUY,1.17968
2025-09-23T20:50:18.484327,pending_trades_2,1.17983,13885,BUY,1.17983
2025-09-23T21:00:10.488714,pending_trades_2,1.17993,13978,BUY,1.18
2025-09-23T21:00:17.818583,pending_trades_2,1.18003,13886,BUY,1.18004
2025-09-23T21:00:26.179379,pending_trades_2,1.18013,13982,BUY,1.18032
2025-09-23T21:00:26.179379,pending_trades_2,1.18023,13988,BUY,1.18032
2025-09-23T21:01:07.109548,pending_trades_2,1.18033,13992,BUY,1.18033
2025-09-23T21:02:57.143230,pending_trades_2,1.18043,13888,BUY,1.18048
2025-09-24T01:32:50.736122,pending_trades_2,1.18053,14215,BUY,1.18127
2025-09-24T01:32:50.736122,pending_trades_2,1.18063,14011,BUY,1.18127
2025-09-24T01:32:50.736122,pending_trades_2,1.18073,14059,BUY,1.18127
2025-09-24T01:32:50.736122,pending_trades_2,1.18083,14012,BUY,1.18127
2025-09-24T01:32:50.736122,pending_trades_2,1.18093,14060,BUY,1.18127
2025-09-24T01:36:39.848313,pending_trades_2,1.18123,15581,BUY,1.18124
2025-09-24T01:37:55.472459,pending_trades_2,1.18143,15582,BUY,1.18145
2025-09-24T01:39:11.508002,pending_trades_2,1.18153,15771,BUY,1.18175
2025-09-24T01:39:11.508002,pending_trades_2,1.18163,15583,BUY,1.18175
2025-09-24T01:39:11.509154,pending_trades_2,1.18173,15970,BUY,1.18175
2025-09-24T10:56:45.969977,pending_trades_2,1.17998,18286,BUY,1.17998
2025-09-24T11:00:32.868965,pending_trades_2,1.17949,18285,SELL,1.17949
2025-09-24T12:26:36.012516,pending_trades_2,1.18018,18287,BUY,1.18019
2025-09-24T12:28:48.426109,pending_trades_2,1.18028,18291,BUY,1.18031
2025-09-24T12:33:23.527126,pending_trades_2,1.18038,18288,BUY,1.18039
2025-09-24T12:35:28.155238,pending_trades_2,1.18048,18296,BUY,1.18049
2025-09-24T13:49:15.193378,pending_trades_2,1.17929,18284,SELL,1.17929
2025-09-24T13:50:02.762322,pending_trades_2,1.17919,18292,SELL,1.17917
2025-09-24T14:25:42.694136,pending_trades_2,1.17909,18283,SELL,1.17905
2025-09-24T14:26:10.065866,pending_trades_2,1.17899,18320,SELL,1.17896
2025-09-24T14:26:50.088528,pending_trades_2,1.17889,18326,SELL,1.17889
2025-09-24T14:34:58.503058,pending_trades_2,1.17879,18332,SELL,1.17878
2025-09-24T14:37:36.917398,pending_trades_2,1.17869,18336,SELL,1.17867
2025-09-24T14:55:55.067542,pending_trades_2,1.17859,18635,SELL,1.17858
2025-09-24T15:13:05.132827,pending_trades_2,1.17859,19065,SELL,1.17854
2025-09-24T16:02:15.149837,pending_trades_2,1.17849,18392,SELL,1.17825
2025-09-24T16:02:15.149837,pending_trades_2,1.17839,19075,SELL,1.17825
2025-09-24T16:02:15.149837,pending_trades_2,1.17829,21061,SELL,1.17825
2025-09-24T16:12:00.067888,pending_trades_2,1.17819,19074,SELL,1.17794
2025-09-24T16:12:00.067888,pending_trades_2,1.17809,21060,SELL,1.17794
2025-09-24T16:12:00.068896,pending_trades_2,1.17799,18466,SELL,1.17794
2025-09-24T16:14:59.530300,pending_trades_2,1.17789,21059,SELL,1.17749
2025-09-24T16:14:59.531304,pending_trades_2,1.17769,21058,SELL,1.17749
2025-09-24T16:14:59.531304,pending_trades_2,1.17749,21057,SELL,1.17749
2025-09-24T16:17:59.082458,pending_trades_2,1.17729,21056,SELL,1.17724
2025-09-24T16:29:47.368223,pending_trades_2,1.17709,21055,SELL,1.17709
2025-09-24T16:32:40.351775,pending_trades_2,1.17689,21054,SELL,1.17684
2025-09-24T17:42:54.570368,pending_trades_2,1.17669,21053,SELL,1.17656
2025-09-24T17:45:50.515630,pending_trades_2,1.17649,21052,SELL,1.17642
2025-09-24T17:48:49.266894,pending_trades_2,1.17629,21051,SELL,1.17621
2025-09-24T18:15:09.065744,pending_trades_2,1.17609,21050,SELL,1.17598
2025-09-24T18:18:03.775148,pending_trades_2,1.17589,21049,SELL,1.17582
2025-09-24T18:21:00.037661,pending_trades_2,1.17569,21048,SELL,1.17567
2025-09-24T18:41:49.391503,pending_trades_2,1.17549,21047,SELL,1.17535
2025-09-24T18:44:56.648210,pending_trades_2,1.17529,21046,SELL,1.17523
2025-09-24T19:06:18.911540,pending_trades_2,1.17509,21045,SELL,1.17505
2025-09-24T19:12:20.117099,pending_trades_2,1.17489,21044,SELL,1.17477
